{"cameraMode":{"drawMode":0,"name":"Shaded","section":"Shading Mode"},"sceneLighting":true,"audioPlay":false,"sceneViewState":{"m_AlwaysRefresh":false,"showFog":true,"showSkybox":true,"showFlares":true,"showImageEffects":true,"showParticleSystems":true,"showVisualEffectGraphs":true,"m_FxEnabled":true},"in2DMode":false,"pivot":{"x":0.20402264595031739,"y":2.259121894836426,"z":1.3863701820373536},"rotation":{"x":0.10278727114200592,"y":-0.2637788951396942,"z":0.028283456340432168,"w":0.9586774110794067},"size":8.442651748657227,"orthographic":false}